n_policy,n_timesteps,traj_rewards,traj_ep_end
1,4096,QlpoOTFBWSZTWWabdn4AGE6aAEAHYAAACjAA1WBCoaAmpUDQKSoGmADgAcD5zVTWm1WsSKkGISYqYFVGkGgaBDMiNZUba1BrQLYV0CquAA5VdcWaptI2qawmtGxpK0ilbF96AqwDVVbfi7kinChIM027PwA=,QlpoOTFBWSZTWf0H5sMADD8aAEAEYAAACiAAUGACaok9TAA1UI8OA4DlQjMhVm++gbn4u5IpwoSH6D82GA==
2,6144,QlpoOTFBWSZTWegdKAwAGFQaAEAHYAAACjABVqrIIVDQE1KgaBSVA0wAcADkl8qrmqtmxW0DYayptKjarahtG1I1lsKrZLam1DWFNpS2Nqs1DajY2EYwRsibKLYNqqtqjVkjZRbVGYi6RKrgAOB1BSNUB51TKhMq00AEwjSDEiRIhMLBIUsQMzNiphQ2QtqkGxStiQbKL70BVgGqq2/F3JFOFCQ6B0oDAA==,QlpoOTFBWSZTWelo/QgADD8aAEAEQAAACiAAUGaATUpPUwAeqqhwHVVXVVQ2A98Bt+LuSKcKEh0tH6EA
3,8192,QlpoOTFBWSZTWXxVmcAAGFeaAEAHYAAACjABVpFCGBAmpUDQKSlMnpgA4AHFT6iuaE2RbVU2StoG0qzRsrNAtWBtW0S2BmJbVsirbZFsG21U2EtpbJMwpmKtlDWtkGyNtpRbM1TZTNU2oOSiq6ADpzU2Q65tqprUmsJjCtirVkZibKZktWlZlbSxozVrGkmpINgVbKbJL/6AqwDVVbfC7kinChIPirM4AA==,QlpoOTFBWSZTWelo/QgADD8aAEAEQAAACiAAUGaATUpPUwAeqqhwHVVXVVQ2A98Bt+LuSKcKEh0tH6EA
4,10240,QlpoOTFBWSZTWe3Y6YYAGFOaAEAHYAAACjABNqUiGBAmpUDQKSoGmADgAcUvqHNKSzUsyLMIbTYqbSjNFtSbKrNCW2wrY2otpJsFjAWsk2JNjGKGYqNrNQdKSq4ADinWlc6aK1YqtYNoatJmFmkzIzQxpZqZoxpmslMRJsiBsH3oCrFVYDb8XckU4UJDt2OmGA==,QlpoOTFBWSZTWelo/QgADD8aAEAEQAAACiAAUGaATUpPUwAeqqhwHVVXVVQ2A98Bt+LuSKcKEh0tH6EA
5,12288,QlpoOTFBWSZTWak/FLoAGFgaAEAHYAAACjABVqoRDAgTUqBoFJSmT0wAcADkp9JVctGsUNlNiMyG0tisakttgNoNhWtJaxNYq2IsxLaSsyGyGxNaKZhLbYpmFLMk1aorWKOSiq6ADocyHTjBYxTGEzEZiNaDGlaymtRrBjFjDatY0k1FBtKg2iP/oCrAMBt+LuSKcKEhUn4pdA==,QlpoOTFBWSZTWelo/QgADD8aAEAEQAAACiAAUGaATUpPUwAeqqhwHVVXVVQ2A98Bt+LuSKcKEh0tH6EA
6,14336,QlpoOTFBWSZTWSIW1PoAGFkaAEAHYAAACjABNgIhgQJqVA0CkqBpgA4AHKT5JyyWylMYpZiDWkbbJTWklsRmbK2bCswltLaSzVTam0I1optJNYpjJJrQtZFYyS6KKrgAOEunJmC1qk1qGNQxqrGpZosYNg1paxNatY1SYFFsqfegKsFWA2/F3JFOFCQIhbU+gA==,QlpoOTFBWSZTWelo/QgADD8aAEAEQAAACiAAUGaATUpPUwAeqqhwHVVXVVQ2A98Bt+LuSKcKEh0tH6EA
7,16384,QlpoOTFBWSZTWbDPe48AGFUaAEAHYAAACjABVqKRDAgTUqBoFJSmT0wAcADlF8Uq5qWZW0rZS2Ks1Rspmgs0Lag2C2I2NgVmGwWaRsKbTaE1kLakbJMyKbKtjaq1hGyJsrbYlxEqugA7VzFtDpyylmlWzWKsyMyNqNaLGUxkbQ1pZhtWY1KYVDaUltQk2iv/oCNVVYDb8XckU4UJCwz3uPA=,QlpoOTFBWSZTWT34ahMADD8aAEAEYAAACiAAcDABNSiaYAOUHdUotpJVtFK2qR4D1B5QbKC2gGylS2RVsoc6Bt+LuSKcKEge/DUJgA==
8,18432,QlpoOTFBWSZTWV1L7DMAGFMaAEAHYAAACjABViiiGBAmpUDQKSlMnpgA4AHKl9UXNI2SW1Tas02om1FsDaRshtC2o2SbBMwJtVGxDaLYhtTMobRGaRtKrWi2itpTZGyNoGskmw2K2CbUG0cUlV0AHRzVbQ6cbYjNQzQaxWsLMprEzI1qtkzSzTarAsUlbEUbJJtJP/oCrANVVt8LuSKcKEgupfYZgA==,QlpoOTFBWSZTWYZZ67kADD8aAEAEYAAACiAAkBgAmpRNMAHCp3JJbSSbKraqptSlbJQ2ReA9IeRDaIWwGxVVtFVbBU2Um1HOgbfi7kinChIQyz13IA==
9,20480,QlpoOTFBWSZTWT/tK+QAGFAaAEAHYAAACjABUYqEMCBNSoGgVNVA0wAcADkq+JzRVsm0RsjZLYqtqS2Utq2CtpbAbVrUjYlsrZDZNWGKGozFagytlGZTFM2pmamKrDKYatsZWKKHWzZttwAHNnVtbYcrqwayM0mymaVttJabU2rNRpMkJNIpZU0pFsE2EjYSNkr72qqGqqsBt+LuSKcKEgf9pXyA,QlpoOTFBWSZTWdlb6qUADD8aAEAEYAAACiAAcDABNSiaYAOVB3IS2hKtkVNqIvAeoPUhbEFsqqW1Kq2lJbKOdhfaqXN+LuSKcKEhsrfVSg==
10,22528,QlpoOTFBWSZTWW/DWbMAGFCaAEAHYAAACjABNiqEMCBNSoGgUlQNMAHAA4VfSq5ibU1pNhGYqbRTapbUGYrYDZStqTaRbFFs2S1grYVNkZkrZSZqk2KrYbVU2JbUti2FbA2idJSq4ADhdaNlZxbBmk2ZimyWyVmqsytsybVssw1sRaVCbVKrZ96AqwDVVbfi7kinChIN+Gs2YA==,QlpoOTFBWSZTWelo/QgADD8aAEAEQAAACiAAUGaATUpPUwAeqqhwHVVXVVQ2A98Bt+LuSKcKEh0tH6EA
